"","restocking_date","restocking_quantity","unit_cost","supplier_id","sku","days_to_last"
"1","2018-11-11 12:22:59",47,2,108,"s922",100
"2","2018-11-18 23:24:35",26,6,100,"s381",5
"3","2018-10-21 15:00:18",14,8,101,"s24",5
"4","2018-05-12 21:11:09",11,8,102,"s832",100
"5","2019-03-24 04:32:37",23,5,109,"s971",5
"6","2018-10-19 14:04:01",17,6,109,"s608",5
"7","2018-06-23 01:47:34",50,4,108,"s398",5
"8","2018-12-19 18:19:44",40,2,102,"s297",100
"9","2018-10-11 00:22:28",38,3,108,"s233",5
"10","2018-09-12 00:35:47",36,4,106,"s694",100
"11","2019-02-27 13:06:33",17,8,104,"s665",10
"12","2018-08-08 18:35:03",19,4,109,"s113",5
"13","2019-02-09 22:52:03",44,8,104,"s56",5
"14","2018-11-25 05:54:25",24,2,104,"s53",5
"15","2018-09-19 21:25:38",35,1,109,"s324",5
"16","2018-11-15 20:54:21",33,9,109,"s181",5
"17","2018-09-27 06:04:23",11,1,109,"s278",30
"18","2018-12-31 08:43:15",23,7,102,"s128",5
"19","2018-10-04 12:52:14",42,10,107,"s236",100
"20","2018-09-04 23:49:16",41,3,109,"s679",5
"21","2018-12-24 17:02:12",10,1,100,"s408",5
"22","2018-05-11 12:21:47",45,5,104,"s321",100
"23","2018-09-07 14:42:43",47,7,101,"s11",100
"24","2018-06-02 09:34:02",27,4,103,"s690",100
"25","2018-07-08 17:04:07",13,10,109,"s83",100
"26","2019-02-03 04:20:40",37,10,100,"s804",30
"27","2018-05-03 04:00:31",44,5,105,"s516",5
"28","2018-05-14 08:16:28",42,5,105,"s453",5
"29","2018-07-30 18:25:12",12,10,101,"s831",5
"30","2018-08-01 20:26:06",21,2,102,"s968",100
"31","2018-12-26 21:41:43",32,7,102,"s336",5
"32","2019-04-16 18:28:29",43,5,105,"s254",5
"33","2018-06-23 01:47:52",40,2,105,"s277",30
"34","2018-06-14 00:41:34",27,1,105,"s749",100
"35","2018-12-29 14:32:05",25,2,102,"s827",100
"36","2018-08-12 19:40:18",31,8,104,"s87",5
"37","2018-10-14 13:47:00",27,9,106,"s338",5
"38","2018-10-29 00:23:15",49,7,100,"s141",10
"39","2018-12-24 06:22:04",42,1,101,"s710",30
"40","2018-12-18 04:32:43",21,5,108,"s848",100
"41","2018-06-24 04:50:28",23,5,107,"s400",5
"42","2019-01-31 14:10:39",50,5,103,"s377",100
"43","2018-05-05 10:26:39",46,6,100,"s721",5
"44","2019-02-07 18:08:17",17,7,107,"s323",100
"45","2018-12-27 06:07:25",43,9,107,"s739",100
"46","2019-01-18 23:19:12",29,10,108,"s426",5
"47","2019-01-27 09:34:37",42,9,102,"s724",5
"48","2018-05-03 23:57:50",26,2,102,"s262",30
"49","2019-04-03 05:11:07",27,2,108,"s31",100
"50","2018-06-28 19:08:27",36,9,106,"s715",100
"51","2018-11-12 12:36:24",31,5,108,"s235",100
"52","2018-04-26 14:20:08",46,5,105,"s535",5
"53","2019-02-18 03:16:29",12,9,106,"s951",100
"54","2019-04-06 21:34:12",34,3,101,"s905",100
"55","2018-07-19 04:59:04",29,6,107,"s103",100
"56","2018-12-26 19:00:02",43,9,103,"s312",5
"57","2018-09-05 12:10:17",49,3,103,"s241",5
"58","2018-08-19 10:48:01",30,5,103,"s258",30
"59","2019-03-31 09:14:54",14,3,107,"s423",100
"60","2018-08-08 09:38:40",43,4,109,"s618",30
"61","2019-04-07 16:11:17",26,8,101,"s672",100
"62","2018-06-10 23:27:54",10,9,102,"s582",5
"63","2018-10-22 22:53:34",28,10,103,"s112",5
"64","2018-11-13 03:21:22",15,1,103,"s808",5
"65","2018-04-23 00:44:20",39,9,105,"s189",5
"66","2019-02-01 04:39:17",39,2,108,"s544",100
"67","2019-02-15 12:17:42",36,5,107,"s412",30
"68","2018-05-29 00:09:56",18,8,102,"s217",100
"69","2018-07-13 05:52:34",33,5,108,"s601",5
"70","2019-01-08 01:09:38",14,6,101,"s375",5
"71","2019-01-29 08:24:05",21,8,105,"s199",100
"72","2018-05-24 10:45:27",30,1,105,"s832",5
"73","2018-07-21 10:32:38",16,8,106,"s576",100
"74","2018-07-03 03:29:00",40,4,108,"s97",30
"75","2018-12-18 16:13:27",35,7,109,"s940",100
"76","2018-08-27 23:40:49",24,9,109,"s980",5
"77","2018-10-28 13:37:13",43,4,101,"s669",5
"78","2019-01-21 22:45:10",36,10,108,"s235",5
"79","2019-03-04 15:21:44",44,1,105,"s732",5
"80","2018-09-26 12:16:39",24,1,108,"s126",5
"81","2019-01-31 10:49:20",25,8,109,"s144",5
"82","2018-08-08 16:10:54",31,4,109,"s20",5
"83","2018-07-14 15:56:31",21,5,104,"s231",5
"84","2019-02-28 02:41:21",17,8,105,"s766",5
"85","2019-03-26 13:34:35",20,1,106,"s74",5
"86","2018-05-20 08:00:48",10,9,101,"s124",30
"87","2018-08-22 08:35:17",15,2,106,"s390",5
"88","2018-12-03 12:46:07",34,1,106,"s659",100
"89","2018-12-06 15:00:25",50,9,103,"s741",10
"90","2019-02-18 21:57:03",27,3,105,"s792",5
"91","2018-10-09 11:45:27",39,10,108,"s251",100
"92","2019-03-12 01:41:50",50,6,108,"s850",30
"93","2019-01-28 19:45:50",24,3,102,"s89",100
"94","2018-05-21 17:12:20",28,1,108,"s250",30
"95","2019-02-09 03:47:30",12,3,105,"s211",5
"96","2018-07-05 22:17:21",14,6,107,"s922",100
"97","2018-05-21 07:15:59",36,3,106,"s28",5
"98","2018-08-05 12:29:17",37,2,106,"s97",30
"99","2018-04-21 07:34:50",46,1,103,"s957",5
"100","2018-07-07 16:58:12",29,3,109,"s291",30
"101","2019-02-09 10:39:25",33,9,105,"s31",100
"102","2018-10-21 20:52:29",41,10,106,"s462",30
"103","2018-08-04 18:23:19",12,3,105,"s689",100
"104","2018-07-03 08:58:18",36,5,105,"s469",100
"105","2019-02-22 10:47:43",38,2,108,"s303",30
"106","2018-11-14 09:13:04",50,4,109,"s719",30
"107","2018-12-08 13:10:21",43,8,106,"s255",100
"108","2018-05-19 02:22:56",41,8,101,"s112",100
"109","2018-10-19 07:50:50",12,7,100,"s827",5
"110","2018-11-08 10:29:01",16,1,101,"s345",100
"111","2018-09-10 22:53:53",29,6,100,"s533",100
"112","2018-05-25 11:16:47",19,5,105,"s294",5
"113","2018-06-11 16:23:04",29,4,100,"s277",30
"114","2018-08-13 01:30:29",40,4,100,"s264",100
"115","2018-05-22 19:45:46",23,1,106,"s635",5
"116","2018-09-22 08:15:14",14,9,109,"s476",100
"117","2018-07-24 12:53:23",27,6,106,"s9",10
"118","2018-07-01 23:48:49",40,5,105,"s982",30
"119","2018-05-24 21:43:29",37,5,109,"s672",30
"120","2018-06-22 21:21:23",21,8,100,"s726",30
"121","2019-01-09 08:54:21",36,9,109,"s579",5
"122","2019-02-21 02:42:30",41,5,108,"s456",100
"123","2018-08-20 06:43:28",50,2,102,"s884",5
"124","2018-12-21 03:20:37",37,9,109,"s317",100
"125","2019-01-25 07:19:35",20,6,105,"s73",10
"126","2018-07-31 18:28:07",49,1,104,"s312",30
"127","2019-04-19 06:06:47",32,10,102,"s316",5
"128","2018-08-12 11:01:02",18,7,107,"s265",100
"129","2018-10-03 11:42:23",23,8,100,"s296",5
"130","2018-09-21 12:50:54",49,8,106,"s994",5
"131","2018-10-22 13:29:56",23,10,104,"s578",30
"132","2018-05-09 12:42:09",48,3,103,"s223",100
"133","2018-09-19 17:28:12",42,7,104,"s166",30
"134","2018-05-22 12:42:12",20,4,108,"s864",5
"135","2018-07-13 22:13:43",10,3,107,"s448",5
"136","2018-08-16 06:43:37",40,10,108,"s559",100
"137","2018-08-28 18:32:23",44,6,100,"s875",30
"138","2018-07-08 02:31:54",40,7,107,"s313",30
"139","2018-06-18 09:40:47",45,2,104,"s477",5
"140","2018-08-31 19:51:31",14,7,104,"s772",5
"141","2018-08-07 17:13:54",17,7,105,"s265",5
"142","2018-10-16 15:50:00",31,2,101,"s390",100
"143","2018-08-23 02:00:31",30,1,107,"s704",100
"144","2018-10-23 04:22:43",41,2,105,"s294",100
"145","2019-01-01 19:51:10",33,7,104,"s920",100
"146","2018-08-05 20:07:05",27,6,108,"s355",5
"147","2018-05-11 07:17:59",36,2,109,"s940",5
"148","2018-12-18 14:00:43",25,10,109,"s988",5
"149","2018-11-09 09:09:20",10,4,100,"s286",5
"150","2018-04-30 22:29:12",50,3,108,"s932",5
"151","2019-03-01 19:46:20",45,10,107,"s611",30
"152","2019-01-15 22:21:00",33,2,109,"s174",5
"153","2018-09-02 06:32:57",30,5,100,"s139",30
"154","2018-08-15 21:29:16",50,3,107,"s35",10
"155","2018-08-27 10:47:20",28,9,106,"s948",10
"156","2018-12-24 14:52:40",21,6,109,"s897",5
"157","2018-06-25 10:14:06",27,8,100,"s634",5
"158","2018-05-24 11:22:10",27,5,104,"s913",5
"159","2018-05-19 02:54:56",11,4,101,"s876",5
"160","2019-03-07 20:56:34",18,3,105,"s944",5
"161","2018-07-02 18:31:21",31,3,103,"s147",100
"162","2018-11-04 09:06:10",21,4,104,"s744",30
"163","2018-10-04 01:16:10",16,9,109,"s363",100
"164","2018-07-12 08:06:08",37,9,101,"s808",5
"165","2018-10-17 18:33:00",22,3,101,"s353",30
"166","2018-11-13 06:05:10",46,1,101,"s940",5
"167","2018-12-19 06:12:15",15,9,106,"s254",5
"168","2018-06-19 21:58:04",25,8,108,"s801",30
"169","2018-09-07 04:46:49",31,3,102,"s316",5
"170","2019-01-26 04:34:58",13,3,105,"s446",100
"171","2019-03-04 18:06:01",20,7,108,"s297",5
"172","2018-10-16 23:06:57",34,3,108,"s220",30
"173","2018-10-19 13:44:13",27,6,102,"s826",5
"174","2018-10-19 15:10:35",30,7,107,"s500",100
"175","2018-07-12 20:38:23",37,1,109,"s606",100
"176","2019-01-08 03:22:47",36,8,102,"s656",100
"177","2018-11-14 05:08:46",35,8,104,"s337",5
"178","2018-12-12 09:05:27",14,4,103,"s964",5
"179","2018-10-03 23:29:59",33,2,107,"s806",100
"180","2018-10-28 00:03:32",47,9,104,"s550",100
"181","2018-06-27 08:52:34",26,10,100,"s813",100
"182","2018-11-22 12:02:51",21,3,102,"s920",5
"183","2018-06-11 05:31:36",40,6,104,"s618",5
"184","2018-11-06 06:52:08",43,3,100,"s749",100
"185","2018-07-03 01:46:32",42,7,108,"s689",30
"186","2018-12-05 16:04:54",22,1,109,"s684",100
"187","2019-02-06 17:57:45",26,5,106,"s373",100
"188","2018-12-17 19:21:52",20,6,106,"s124",5
"189","2018-07-15 00:32:33",34,7,104,"s732",30
"190","2018-09-15 01:21:12",35,6,104,"s442",100
"191","2019-03-15 11:49:55",25,7,109,"s320",5
"192","2019-01-29 00:46:02",36,5,102,"s352",10
"193","2018-10-13 06:45:49",49,5,109,"s542",30
"194","2018-12-16 18:59:42",42,6,105,"s360",10
"195","2018-10-27 10:17:07",18,8,105,"s888",5
"196","2019-02-03 03:19:53",47,8,100,"s334",5
"197","2018-04-26 02:37:52",27,1,106,"s402",30
"198","2018-05-11 02:04:37",26,6,100,"s8",100
"199","2018-09-15 14:50:39",22,4,101,"s397",30
"200","2019-01-28 05:18:43",43,6,108,"s525",100
"201","2018-10-07 08:11:55",22,4,107,"s766",30
"202","2019-01-08 21:23:33",28,9,104,"s547",5
"203","2019-04-19 19:32:39",22,5,109,"s804",30
"204","2018-06-09 15:17:21",40,10,106,"s427",5
"205","2018-12-12 17:39:56",21,3,104,"s937",30
"206","2018-09-08 09:07:09",24,3,101,"s921",5
"207","2018-08-19 06:56:03",15,10,102,"s309",5
"208","2018-05-08 00:54:07",41,1,104,"s249",5
"209","2019-02-08 18:16:35",35,8,101,"s469",30
"210","2018-05-21 22:09:02",19,2,109,"s146",5
"211","2018-09-16 08:22:07",15,5,107,"s428",30
"212","2018-12-11 11:52:41",13,3,100,"s600",100
"213","2018-12-23 07:05:42",19,8,102,"s462",100
"214","2019-04-02 21:28:22",23,3,102,"s491",100
"215","2018-05-17 22:29:50",10,10,100,"s260",100
"216","2019-01-14 17:05:46",43,10,105,"s667",30
"217","2018-12-17 15:20:14",16,8,101,"s366",5
"218","2019-03-28 16:49:14",17,2,104,"s654",30
"219","2018-12-23 02:21:31",15,10,108,"s676",5
"220","2018-09-27 20:40:39",28,10,102,"s487",5
"221","2019-03-16 07:43:38",24,3,108,"s431",100
"222","2018-08-04 08:48:28",13,1,100,"s79",100
"223","2018-06-28 22:02:50",39,2,109,"s912",100
"224","2018-11-23 00:32:03",39,6,102,"s706",100
"225","2018-05-19 00:55:45",14,2,100,"s807",100
"226","2018-09-09 08:07:07",47,9,102,"s303",5
"227","2019-01-09 12:04:00",36,10,107,"s897",5
"228","2018-05-09 07:25:39",47,2,107,"s775",100
"229","2019-03-23 03:24:44",11,5,101,"s95",100
"230","2019-01-22 11:08:16",31,5,102,"s591",30
"231","2018-10-19 16:53:30",21,10,108,"s999",5
"232","2018-06-04 00:18:44",33,9,109,"s416",5
"233","2018-05-13 20:09:20",19,3,101,"s817",100
"234","2018-06-23 04:52:20",18,8,103,"s89",5
"235","2018-06-13 05:32:54",19,8,103,"s392",100
"236","2018-08-20 21:13:30",39,3,104,"s432",5
"237","2018-04-29 09:29:29",43,2,107,"s870",30
"238","2018-11-16 04:48:17",29,5,106,"s318",30
"239","2019-04-08 23:37:46",20,9,108,"s564",5
"240","2018-06-18 03:37:11",15,6,106,"s713",5
"241","2018-08-23 20:15:35",21,4,102,"s680",10
"242","2018-06-04 14:23:34",16,1,109,"s716",100
"243","2018-08-03 20:29:45",41,9,103,"s415",5
"244","2019-04-06 21:33:43",45,6,106,"s457",5
"245","2018-10-07 09:07:45",26,8,105,"s90",10
"246","2018-06-09 19:54:14",22,5,108,"s819",100
"247","2018-05-17 20:53:14",14,9,103,"s756",30
"248","2018-08-04 23:54:06",46,6,108,"s765",100
"249","2019-01-11 17:47:57",37,1,106,"s689",100
"250","2018-07-05 10:05:54",11,3,101,"s286",5
"251","2018-08-11 19:19:49",41,1,101,"s873",5
"252","2018-06-17 07:28:36",10,8,108,"s309",100
"253","2018-06-19 21:25:50",22,2,106,"s680",100
"254","2018-10-11 04:22:28",42,6,108,"s135",10
"255","2019-01-17 06:04:42",34,3,100,"s167",5
"256","2018-07-09 01:53:49",46,8,107,"s924",5
"257","2018-08-17 06:37:15",17,4,109,"s781",100
"258","2018-11-14 03:03:44",20,6,102,"s429",100
"259","2018-09-16 21:29:37",42,2,101,"s960",100
"260","2019-01-05 17:49:41",35,9,100,"s458",30
"261","2019-03-28 09:41:29",35,2,106,"s409",100
"262","2019-01-13 03:31:01",32,3,100,"s481",5
"263","2018-06-08 17:23:57",11,8,104,"s836",100
"264","2018-12-24 18:30:59",30,5,100,"s87",100
"265","2018-04-27 02:50:14",28,3,103,"s458",10
"266","2018-04-24 22:35:21",36,7,103,"s791",100
"267","2018-08-08 15:56:07",18,6,105,"s463",5
"268","2018-08-15 02:50:44",14,7,104,"s254",100
"269","2018-06-24 19:34:43",32,1,108,"s9",100
"270","2018-08-11 19:32:51",10,7,104,"s196",100
"271","2018-09-17 09:43:23",14,10,105,"s790",30
"272","2018-11-24 09:28:19",46,7,104,"s206",5
"273","2019-02-23 01:13:58",41,4,105,"s610",30
"274","2018-08-03 00:56:19",27,3,107,"s651",5
"275","2019-02-27 20:09:59",49,8,104,"s456",100
"276","2019-03-15 22:40:24",16,10,104,"s166",5
"277","2018-07-19 19:02:34",37,6,100,"s327",5
"278","2018-05-17 22:50:14",33,9,100,"s757",30
"279","2019-02-24 19:42:59",18,5,103,"s18",5
"280","2018-09-30 12:06:21",44,2,107,"s311",100
"281","2018-12-04 09:07:30",26,4,104,"s254",5
"282","2018-06-04 07:30:14",27,4,103,"s757",5
"283","2018-06-28 16:42:40",49,1,106,"s173",5
"284","2018-04-29 20:58:14",21,2,105,"s285",100
"285","2019-03-18 00:27:45",14,7,100,"s531",100
"286","2018-09-11 21:49:27",46,6,104,"s728",100
"287","2018-07-04 10:59:09",17,4,103,"s364",5
"288","2019-01-20 01:18:32",35,7,104,"s436",100
"289","2019-04-11 20:31:19",13,5,103,"s1",5
"290","2018-08-07 13:12:03",39,3,108,"s83",5
"291","2019-02-08 16:59:29",32,4,108,"s505",5
"292","2018-07-27 08:06:49",50,10,100,"s625",100
"293","2018-06-03 10:24:16",43,8,100,"s490",5
"294","2018-08-23 04:15:28",43,8,102,"s190",30
"295","2018-09-12 18:17:16",33,2,104,"s351",100
"296","2019-03-02 01:24:57",47,7,101,"s677",100
"297","2018-05-27 07:50:03",23,10,106,"s676",30
"298","2018-09-28 06:53:29",23,1,109,"s635",100
"299","2018-05-26 16:49:23",50,10,108,"s19",100
"300","2019-03-15 19:59:16",10,7,102,"s488",30
"301","2019-04-04 19:16:44",22,8,101,"s927",100
"302","2018-12-16 00:55:46",32,1,103,"s443",5
"303","2019-01-20 15:36:28",28,3,107,"s424",5
"304","2018-08-18 02:47:39",25,6,107,"s594",30
"305","2018-11-24 05:33:58",44,8,108,"s690",30
"306","2018-10-16 23:45:31",21,4,100,"s808",10
"307","2018-10-20 06:32:15",27,4,109,"s676",100
"308","2018-08-11 03:49:15",11,5,109,"s834",100
"309","2018-04-25 23:40:02",38,1,108,"s406",5
"310","2019-04-01 11:37:32",23,8,101,"s510",30
"311","2018-10-12 02:18:47",41,8,102,"s864",30
"312","2018-12-13 07:26:01",28,2,108,"s153",100
"313","2018-07-02 10:28:38",16,10,100,"s831",100
"314","2018-09-18 15:40:10",13,7,109,"s549",100
"315","2018-07-24 17:21:58",34,9,105,"s726",30
"316","2019-02-26 00:54:22",11,3,109,"s397",5
"317","2018-11-18 05:08:01",30,2,106,"s92",100
"318","2018-10-13 07:30:02",15,1,102,"s422",5
"319","2019-01-05 21:10:11",17,1,105,"s95",5
"320","2018-11-13 05:21:33",12,4,103,"s649",5
"321","2019-01-16 08:55:38",11,7,102,"s436",100
"322","2018-05-05 23:31:00",34,5,109,"s186",100
"323","2019-01-29 11:09:35",48,9,104,"s440",5
"324","2019-04-16 22:18:22",22,6,105,"s888",30
"325","2018-06-05 06:08:22",14,6,104,"s266",30
"326","2019-02-18 20:32:39",48,9,100,"s712",5
"327","2018-11-14 10:30:26",37,10,107,"s924",5
"328","2019-04-19 17:11:50",49,3,108,"s973",30
"329","2018-08-16 18:15:30",21,7,107,"s35",5
"330","2018-05-15 18:03:13",33,4,108,"s717",5
"331","2019-03-06 15:16:20",12,5,102,"s514",100
"332","2019-04-14 12:04:48",47,10,103,"s139",100
"333","2018-10-12 10:11:48",11,10,100,"s300",100
"334","2018-09-30 09:35:35",16,1,107,"s218",100
"335","2018-06-02 01:58:11",15,3,105,"s435",100
"336","2018-11-03 08:34:25",48,6,106,"s63",5
"337","2018-06-18 09:38:38",48,4,106,"s61",5
"338","2018-07-21 23:07:11",34,3,105,"s344",100
"339","2019-01-23 13:53:04",47,3,108,"s995",5
"340","2018-05-01 21:36:21",40,10,109,"s386",5
"341","2018-05-23 08:08:26",28,1,101,"s566",100
"342","2018-08-22 08:55:17",48,8,108,"s828",100
"343","2018-10-23 07:57:24",16,3,109,"s755",30
"344","2018-10-19 04:15:46",49,4,100,"s522",100
"345","2018-08-31 05:39:51",43,7,107,"s270",5
"346","2018-08-02 12:53:41",21,10,109,"s869",100
"347","2018-04-23 18:08:38",50,8,100,"s565",100
"348","2019-01-28 13:50:33",13,10,108,"s618",5
"349","2019-01-14 04:34:52",47,9,102,"s67",100
"350","2018-04-24 15:24:14",21,2,100,"s8",5
"351","2018-12-26 17:55:59",31,3,108,"s467",100
"352","2018-11-06 22:43:38",31,2,108,"s67",100
"353","2019-01-28 20:03:48",19,7,100,"s527",5
"354","2018-08-02 02:16:44",26,3,108,"s560",5
"355","2018-12-07 06:08:25",25,5,107,"s400",30
"356","2018-12-28 18:38:55",40,1,108,"s396",30
"357","2018-06-02 19:32:41",40,10,102,"s350",5
"358","2018-11-15 10:42:25",44,9,103,"s115",100
"359","2018-10-25 14:51:19",28,1,103,"s1",100
"360","2018-04-25 16:17:50",19,2,107,"s205",5
"361","2019-02-21 18:10:11",16,8,108,"s954",5
"362","2018-07-27 05:45:01",49,8,103,"s510",5
"363","2018-12-23 14:10:46",34,5,100,"s397",100
"364","2019-02-18 06:08:02",49,2,106,"s196",5
"365","2019-04-04 20:17:57",14,1,105,"s980",5
"366","2018-08-08 04:04:27",34,5,101,"s987",5
"367","2018-08-13 22:09:26",40,6,103,"s292",100
"368","2019-03-04 06:47:06",42,10,105,"s74",5
"369","2019-03-20 17:13:46",29,3,101,"s633",100
"370","2018-04-26 01:01:15",28,3,100,"s303",100
"371","2018-05-30 13:57:31",19,4,103,"s467",100
"372","2018-09-24 02:35:27",11,9,104,"s662",5
"373","2018-06-25 04:51:17",35,5,103,"s283",5
"374","2018-07-07 11:15:32",17,5,102,"s618",30
"375","2018-12-15 02:40:57",12,4,104,"s582",5
"376","2018-11-21 15:31:57",23,3,102,"s162",100
"377","2018-07-31 00:27:53",23,3,108,"s954",100
"378","2018-06-06 00:23:40",29,3,106,"s235",30
"379","2018-09-10 20:21:24",10,6,108,"s881",5
"380","2018-07-13 02:40:27",20,4,108,"s719",5
"381","2018-11-05 11:33:45",50,8,104,"s732",100
"382","2018-07-14 04:30:45",33,7,105,"s731",30
"383","2019-02-19 00:33:37",32,8,100,"s258",100
"384","2019-01-29 16:33:38",15,3,105,"s639",100
"385","2019-01-18 09:30:47",16,1,109,"s538",100
"386","2018-11-13 09:33:56",14,3,108,"s133",30
"387","2018-05-14 17:49:19",28,2,103,"s920",5
"388","2019-03-06 10:43:10",43,1,103,"s840",100
"389","2018-08-22 00:54:35",15,7,108,"s708",5
"390","2018-10-22 04:57:02",19,6,109,"s15",5
"391","2018-09-12 04:37:58",16,3,100,"s187",5
"392","2018-10-20 09:02:21",16,5,104,"s727",5
"393","2018-11-03 02:36:23",50,2,108,"s616",30
"394","2019-01-25 12:19:12",41,3,105,"s329",30
"395","2019-01-11 22:51:34",25,4,100,"s253",100
"396","2018-06-12 03:19:16",13,10,104,"s972",30
"397","2019-03-19 13:54:23",13,3,107,"s369",100
"398","2018-04-29 11:46:21",33,6,105,"s644",100
"399","2018-07-29 11:02:58",44,10,104,"s363",30
"400","2019-04-07 05:41:03",37,9,102,"s539",5
"401","2019-03-03 06:17:17",22,10,107,"s164",100
"402","2018-10-08 09:47:46",10,3,100,"s620",30
"403","2019-04-14 23:20:39",18,3,107,"s254",100
"404","2018-12-17 02:12:08",11,9,103,"s53",100
"405","2018-05-22 05:24:13",50,6,100,"s209",100
"406","2018-12-02 04:20:38",37,10,107,"s663",10
"407","2018-09-19 22:06:33",44,5,103,"s590",5
"408","2018-05-16 20:28:00",41,3,109,"s218",100
"409","2018-12-31 17:45:52",11,9,108,"s838",100
"410","2019-02-12 07:09:20",22,8,105,"s973",100
"411","2019-01-14 01:21:39",32,8,105,"s265",100
"412","2018-07-31 09:25:10",47,10,107,"s764",30
"413","2018-12-14 00:20:54",18,3,102,"s431",100
"414","2018-12-11 04:00:06",47,7,100,"s906",100
"415","2019-02-09 02:20:26",16,4,101,"s328",5
"416","2018-06-30 07:04:35",44,6,107,"s682",5
"417","2019-03-31 00:44:50",33,8,107,"s72",5
"418","2018-05-21 09:38:21",26,9,104,"s176",30
"419","2018-10-28 13:02:53",28,3,103,"s162",100
"420","2018-06-06 20:05:30",35,10,106,"s432",100
"421","2019-02-15 07:08:31",14,8,104,"s446",100
"422","2018-08-30 08:09:52",39,2,109,"s724",5
"423","2019-01-22 01:36:44",35,6,103,"s977",100
"424","2018-11-19 23:38:17",16,8,104,"s349",100
"425","2018-05-20 04:56:54",43,3,103,"s54",5
"426","2018-06-20 15:58:49",22,6,107,"s494",5
"427","2018-12-27 17:03:37",12,1,104,"s464",100
"428","2018-04-22 06:46:35",26,8,109,"s832",100
"429","2019-03-30 12:10:13",45,9,108,"s321",100
"430","2019-02-23 06:34:32",18,9,106,"s74",30
"431","2019-03-10 09:03:24",23,9,103,"s808",5
"432","2019-01-15 21:17:23",31,10,102,"s429",5
"433","2018-11-05 22:54:37",17,10,100,"s544",10
"434","2019-01-15 03:59:49",23,1,102,"s968",5
"435","2018-08-09 10:14:59",15,9,106,"s709",10
"436","2019-03-15 16:03:06",25,2,104,"s646",5
"437","2018-11-04 08:49:33",44,4,104,"s106",100
"438","2019-02-09 14:52:06",41,3,107,"s185",5
"439","2019-01-01 16:22:29",19,2,102,"s206",100
"440","2018-07-22 09:14:22",21,2,101,"s80",5
"441","2018-11-24 11:02:19",34,3,109,"s762",30
"442","2018-09-13 22:33:29",36,3,105,"s199",10
"443","2018-06-11 19:48:25",13,2,100,"s496",100
"444","2018-08-16 12:37:13",49,5,104,"s430",100
"445","2018-10-08 05:25:58",48,9,108,"s506",10
"446","2018-07-28 12:47:16",13,3,105,"s447",100
"447","2018-08-03 23:45:04",25,10,101,"s62",30
"448","2019-02-07 00:40:51",26,2,101,"s994",30
"449","2018-07-17 04:38:56",24,10,100,"s251",5
"450","2018-07-18 02:45:07",24,7,107,"s602",5
"451","2018-12-07 06:27:16",43,6,103,"s352",10
"452","2018-06-24 18:48:56",41,5,100,"s616",5
"453","2018-09-28 06:12:22",14,3,106,"s619",5
"454","2018-06-19 16:29:05",22,8,102,"s963",5
"455","2019-01-28 00:22:26",35,7,109,"s691",100
"456","2018-07-25 19:00:41",19,3,101,"s80",100
"457","2019-02-27 20:40:50",19,8,102,"s836",5
"458","2019-04-13 22:45:25",49,9,100,"s158",5
"459","2019-03-15 00:10:38",42,1,107,"s708",100
"460","2018-10-09 07:47:36",46,2,101,"s873",100
"461","2018-11-28 10:23:31",41,9,106,"s719",5
"462","2018-11-13 11:38:38",36,4,101,"s16",5
"463","2019-03-25 01:35:31",23,7,101,"s74",5
"464","2018-09-19 23:32:21",12,2,108,"s621",5
"465","2019-04-17 13:22:36",22,3,106,"s196",100
"466","2019-02-08 22:16:21",39,10,108,"s667",100
"467","2018-11-20 21:14:42",13,1,108,"s209",5
"468","2018-06-06 06:03:41",34,2,106,"s916",5
"469","2018-11-12 13:14:11",26,10,107,"s309",100
"470","2018-08-07 08:04:29",24,9,104,"s601",100
"471","2019-04-09 22:26:57",39,2,100,"s8",5
"472","2018-10-26 18:18:32",44,9,106,"s208",100
"473","2018-05-10 15:02:47",41,1,101,"s893",100
"474","2018-05-13 13:29:11",30,7,104,"s699",100
"475","2018-07-31 13:45:33",39,9,101,"s917",100
"476","2018-10-02 00:47:09",33,8,103,"s370",30
"477","2018-11-26 04:07:38",41,3,102,"s373",5
"478","2018-06-14 19:23:53",38,9,105,"s162",5
"479","2018-06-25 05:05:12",48,3,101,"s729",100
"480","2018-05-18 16:18:02",16,9,103,"s236",30
"481","2018-05-11 05:01:20",27,7,107,"s268",100
"482","2018-12-27 10:42:05",44,6,109,"s213",5
"483","2019-02-07 10:43:45",41,8,103,"s248",5
"484","2018-12-09 20:15:29",21,2,104,"s666",100
"485","2018-05-12 00:35:58",37,8,107,"s851",5
"486","2018-04-25 11:53:03",31,5,102,"s289",100
"487","2019-02-15 18:23:09",30,8,107,"s897",30
"488","2019-01-29 23:39:36",31,6,100,"s740",5
"489","2018-06-01 14:59:52",10,6,100,"s595",100
"490","2018-08-29 19:05:59",21,8,106,"s747",100
"491","2018-06-10 16:42:49",33,2,108,"s426",5
"492","2018-09-14 06:35:06",44,3,103,"s961",30
"493","2018-07-06 16:52:29",28,7,104,"s14",100
"494","2018-07-13 19:39:44",22,1,100,"s940",5
"495","2018-08-21 11:02:52",47,10,107,"s325",5
"496","2018-10-19 13:35:08",37,5,104,"s628",30
"497","2018-05-24 14:20:51",44,4,102,"s262",10
"498","2018-11-13 15:11:22",43,2,104,"s566",5
"499","2018-07-23 13:34:04",14,5,100,"s460",100
"500","2018-11-08 09:45:10",38,10,103,"s775",10
"501","2019-02-26 07:11:22",19,9,103,"s201",30
"502","2019-03-19 12:13:53",42,1,107,"s77",5
"503","2018-12-05 14:48:31",42,7,106,"s598",100
"504","2018-11-03 09:01:18",36,7,102,"s619",100
"505","2018-05-11 22:08:10",29,8,108,"s902",100
"506","2018-10-28 18:14:34",34,8,102,"s886",10
"507","2019-02-20 17:12:37",18,4,104,"s614",100
"508","2018-11-24 14:07:26",42,8,109,"s77",30
"509","2019-02-21 09:10:09",26,2,109,"s65",30
"510","2018-09-14 23:22:55",45,1,101,"s820",100
"511","2019-01-07 10:42:45",36,8,101,"s193",5
"512","2018-06-25 17:06:22",13,6,101,"s46",30
"513","2018-12-05 21:48:10",39,10,105,"s789",5
"514","2018-04-21 01:44:18",39,2,108,"s538",5
"515","2018-05-19 05:29:10",20,4,108,"s878",100
"516","2018-07-03 04:45:36",17,3,107,"s571",5
"517","2019-01-15 20:21:21",45,6,107,"s254",5
"518","2018-11-20 03:30:10",20,10,108,"s821",5
"519","2019-01-30 07:22:38",22,9,108,"s995",5
"520","2018-09-10 09:01:25",11,7,106,"s472",100
"521","2018-07-15 03:21:40",49,1,102,"s344",100
"522","2019-03-30 21:18:35",21,7,107,"s362",10
"523","2018-12-22 08:03:31",39,9,104,"s436",5
"524","2019-03-11 03:25:59",37,2,108,"s987",10
"525","2018-05-06 03:58:06",44,8,104,"s533",100
"526","2018-08-14 07:56:55",43,2,103,"s649",5
"527","2018-08-26 08:27:10",24,3,103,"s772",5
"528","2019-02-27 06:51:22",33,4,101,"s811",5
"529","2018-11-23 23:25:49",48,1,100,"s191",30
"530","2018-12-16 14:10:02",19,2,101,"s569",5
"531","2018-10-02 05:08:17",23,8,108,"s7",100
"532","2018-05-11 11:38:19",45,6,103,"s263",30
"533","2018-05-16 02:54:25",40,9,101,"s790",5
"534","2019-01-26 23:08:48",39,8,103,"s576",5
"535","2019-02-18 09:29:10",34,3,103,"s629",30
"536","2019-03-31 23:17:20",31,10,100,"s103",5
"537","2018-11-27 02:20:23",17,4,102,"s288",100
"538","2018-10-28 19:44:03",14,4,104,"s855",30
"539","2018-06-13 03:32:58",17,2,101,"s959",5
"540","2018-12-07 20:15:23",33,4,103,"s553",30
"541","2018-09-10 07:04:43",26,4,103,"s100",100
"542","2018-07-06 19:58:06",35,9,100,"s637",100
"543","2018-09-14 05:40:18",12,4,107,"s242",100
"544","2018-10-25 04:31:09",36,3,104,"s153",5
"545","2018-10-12 10:50:17",21,5,101,"s336",100
"546","2018-11-02 14:13:32",15,9,107,"s465",5
"547","2018-09-07 21:52:02",39,9,102,"s713",5
"548","2018-10-28 22:09:51",19,10,100,"s268",100
"549","2018-09-18 13:42:58",21,9,108,"s31",5
"550","2019-04-13 10:07:18",46,8,106,"s687",30
"551","2018-05-29 19:11:19",37,3,107,"s582",100
"552","2018-05-14 22:02:16",38,5,109,"s588",30
"553","2018-12-28 14:28:49",20,5,105,"s413",5
"554","2018-08-15 10:14:31",36,10,108,"s566",30
"555","2018-07-31 18:23:47",17,4,106,"s944",100
"556","2018-10-19 00:53:57",28,4,101,"s996",5
"557","2019-03-27 19:16:33",10,10,103,"s295",5
"558","2018-10-16 02:19:22",43,9,103,"s158",100
"559","2018-04-28 12:48:50",18,8,101,"s302",5
"560","2018-09-25 01:50:44",22,4,106,"s168",5
"561","2019-03-23 16:38:43",25,4,106,"s61",30
"562","2018-09-02 04:34:26",19,10,109,"s979",100
"563","2018-06-30 13:42:59",15,1,108,"s603",100
"564","2018-10-20 19:32:41",41,9,102,"s324",5
"565","2018-10-01 03:44:34",12,6,105,"s736",30
"566","2019-02-15 16:58:11",15,3,105,"s394",100
"567","2018-11-06 11:49:10",16,9,101,"s437",5
"568","2018-07-24 17:28:11",34,4,106,"s528",5
"569","2019-03-06 21:21:21",27,7,107,"s32",5
"570","2018-07-13 20:05:51",29,10,108,"s767",100
"571","2018-09-09 02:56:24",48,5,108,"s878",100
"572","2019-04-07 02:01:31",26,8,100,"s83",100
"573","2019-03-26 11:08:45",29,5,107,"s280",100
"574","2018-09-16 19:29:53",38,3,107,"s948",5
"575","2019-04-09 19:51:29",44,10,102,"s137",5
"576","2019-01-20 10:56:22",19,4,106,"s766",100
"577","2018-08-21 21:19:58",15,7,107,"s831",30
"578","2018-08-16 07:25:22",43,9,109,"s653",5
"579","2018-06-08 17:14:18",43,6,102,"s901",5
"580","2019-02-19 03:17:41",17,3,109,"s712",100
"581","2018-10-18 01:57:39",21,8,101,"s103",5
"582","2019-04-14 11:28:11",44,3,108,"s920",5
"583","2018-05-29 02:55:48",31,10,108,"s974",5
"584","2018-06-17 10:12:45",44,7,107,"s473",5
"585","2019-02-18 00:25:00",34,5,108,"s604",5
"586","2018-10-30 16:19:43",38,8,107,"s738",5
"587","2018-12-11 02:16:21",36,9,104,"s344",5
"588","2018-07-14 13:30:26",19,6,106,"s753",5
"589","2018-11-16 14:40:12",48,7,104,"s512",100
"590","2019-01-30 11:52:25",40,8,103,"s313",30
"591","2018-07-19 08:09:44",34,5,101,"s417",5
"592","2018-07-03 04:31:12",37,10,102,"s492",5
"593","2018-05-28 07:03:24",10,10,101,"s708",100
"594","2018-11-16 10:10:34",49,5,102,"s429",5
"595","2018-05-15 20:11:54",47,1,102,"s588",100
"596","2018-09-09 01:46:36",37,3,102,"s512",5
"597","2018-06-09 02:28:23",19,3,107,"s36",100
"598","2018-05-01 07:29:26",11,2,109,"s406",5
"599","2018-09-08 08:00:12",10,2,108,"s904",100
"600","2018-06-12 09:35:22",36,4,103,"s744",30
"601","2019-03-10 17:03:14",33,7,100,"s997",100
"602","2018-09-17 08:11:57",47,9,106,"s549",30
"603","2018-06-23 13:44:05",47,1,101,"s148",100
"604","2018-04-27 01:31:13",26,2,102,"s311",5
"605","2019-03-24 20:19:34",30,3,103,"s994",30
"606","2018-06-14 01:15:30",39,4,107,"s270",5
"607","2018-09-04 22:20:29",29,5,108,"s255",5
"608","2018-09-28 19:11:30",15,5,109,"s167",5
"609","2018-10-25 17:13:37",29,7,100,"s65",5
"610","2019-03-23 05:34:02",45,1,108,"s248",10
"611","2018-05-09 12:44:27",27,1,102,"s559",30
"612","2018-11-30 01:55:05",18,6,105,"s992",100
"613","2018-06-04 04:36:49",36,7,107,"s465",100
"614","2018-10-04 10:44:16",40,5,102,"s712",100
"615","2019-03-02 05:49:47",47,3,108,"s786",5
"616","2018-08-21 09:48:25",33,4,102,"s457",30
"617","2018-07-05 06:37:43",10,4,108,"s14",100
"618","2019-02-07 11:15:44",41,8,105,"s936",100
"619","2018-10-13 11:28:29",17,7,105,"s925",5
"620","2018-12-14 03:33:42",11,3,109,"s569",100
"621","2019-01-17 14:41:44",12,10,106,"s245",5
"622","2018-10-18 05:30:39",34,3,106,"s978",5
"623","2018-04-21 22:05:50",35,7,106,"s192",30
"624","2018-10-15 02:59:26",36,3,108,"s809",30
"625","2019-03-03 12:25:11",35,6,109,"s466",100
"626","2018-12-31 19:47:44",24,2,101,"s36",5
"627","2018-09-28 15:14:10",41,7,109,"s884",5
"628","2019-03-11 05:42:23",15,4,104,"s91",5
"629","2018-09-27 16:44:31",17,1,103,"s83",100
"630","2018-12-26 05:27:24",43,2,100,"s192",5
"631","2019-03-02 22:15:07",20,3,102,"s175",5
"632","2018-12-31 01:31:03",29,8,103,"s446",5
"633","2018-07-28 01:45:47",33,6,100,"s830",5
"634","2018-08-04 19:43:42",22,6,107,"s279",100
"635","2018-09-29 04:51:08",15,9,107,"s666",30
"636","2019-04-06 05:53:55",19,6,105,"s925",100
"637","2018-09-04 21:12:35",18,7,107,"s890",100
"638","2018-09-12 08:11:11",24,6,103,"s335",5
"639","2018-06-22 01:46:01",17,6,100,"s701",100
"640","2018-06-06 04:17:16",19,10,104,"s348",100
"641","2018-11-14 22:08:15",42,8,109,"s671",5
"642","2019-04-05 13:41:55",20,1,106,"s12",100
"643","2018-10-24 09:10:39",10,3,104,"s348",5
"644","2018-05-16 23:12:58",48,6,108,"s777",5
"645","2018-11-14 09:44:03",44,3,101,"s753",30
"646","2018-10-30 12:53:52",41,9,107,"s685",5
"647","2018-05-25 15:58:29",39,1,108,"s942",5
"648","2018-05-07 19:13:02",35,6,107,"s738",100
"649","2019-04-18 09:19:09",36,1,103,"s345",100
"650","2018-04-28 18:07:43",37,9,104,"s537",5
"651","2019-03-31 23:31:00",50,6,102,"s312",100
"652","2018-07-22 19:32:39",34,9,101,"s655",100
"653","2018-04-25 18:45:13",42,6,100,"s706",100
"654","2018-11-28 13:34:49",20,6,106,"s795",5
"655","2018-09-01 03:02:16",23,10,101,"s98",5
"656","2018-11-29 01:24:10",35,3,103,"s378",30
"657","2019-04-15 05:12:05",27,4,106,"s766",100
"658","2018-07-18 19:12:12",20,9,104,"s915",100
"659","2018-09-30 09:13:08",25,7,108,"s637",5
"660","2018-12-25 01:42:01",38,4,109,"s604",5
"661","2019-03-18 07:03:50",44,8,107,"s534",30
"662","2018-12-12 10:51:31",42,8,101,"s26",100
"663","2018-10-04 10:58:51",42,10,106,"s627",5
"664","2018-12-11 00:17:08",18,2,101,"s995",30
"665","2018-12-30 12:17:09",36,6,102,"s46",5
"666","2018-06-25 08:56:29",33,1,109,"s749",100
"667","2018-11-12 15:16:08",36,1,104,"s707",30
"668","2018-12-12 03:10:27",25,6,108,"s755",5
"669","2018-10-14 23:15:40",36,8,102,"s742",5
"670","2018-05-12 23:55:29",45,9,102,"s655",5
"671","2019-04-17 22:02:29",18,7,105,"s486",5
"672","2018-11-13 11:53:14",14,1,105,"s163",5
"673","2018-11-28 23:09:17",18,5,109,"s823",5
"674","2019-04-02 21:22:07",50,8,108,"s641",30
"675","2018-06-04 07:12:59",28,6,102,"s616",30
"676","2018-11-20 12:51:57",45,4,102,"s816",5
"677","2019-01-30 09:17:32",26,2,108,"s50",30
"678","2019-03-23 18:22:39",41,3,105,"s125",30
"679","2018-08-10 18:58:45",45,9,107,"s300",100
"680","2018-10-08 07:07:22",48,1,101,"s685",100
"681","2019-03-14 03:23:13",32,6,107,"s996",30
"682","2019-04-02 03:03:21",49,7,105,"s496",10
"683","2018-10-02 09:06:07",47,1,109,"s600",100
"684","2018-05-22 12:47:36",31,3,104,"s969",100
"685","2018-12-21 12:04:50",46,10,107,"s770",30
"686","2019-04-10 22:58:59",27,6,100,"s916",100
"687","2018-07-31 10:04:25",28,6,100,"s860",10
"688","2018-08-31 21:54:21",32,3,106,"s136",5
"689","2018-10-30 10:22:04",49,7,102,"s71",100
"690","2018-06-13 14:29:50",16,10,105,"s863",5
"691","2018-04-21 13:50:34",46,5,107,"s387",100
"692","2018-12-01 10:44:02",12,7,101,"s707",100
"693","2018-07-11 23:48:08",45,8,100,"s963",5
"694","2018-06-04 19:18:28",39,3,101,"s764",100
"695","2018-08-03 18:50:54",38,6,102,"s407",5
"696","2018-07-30 11:46:39",48,7,102,"s42",100
"697","2018-05-31 03:36:00",16,5,106,"s848",100
"698","2019-01-01 15:01:17",45,2,100,"s691",100
"699","2019-03-29 23:23:02",44,5,108,"s520",100
"700","2018-06-14 03:01:54",34,2,105,"s732",100
"701","2018-06-27 23:59:29",41,10,105,"s370",5
"702","2018-10-02 03:02:42",29,9,101,"s829",5
"703","2018-10-05 22:15:26",32,10,100,"s634",100
"704","2019-03-10 00:28:31",20,5,108,"s812",30
"705","2018-09-10 01:28:58",32,1,103,"s617",5
"706","2018-12-28 09:14:09",22,2,101,"s789",100
"707","2018-05-17 19:39:21",38,9,107,"s549",5
"708","2018-09-07 08:37:50",48,6,101,"s206",5
"709","2018-07-07 15:50:43",18,5,107,"s683",5
"710","2018-10-03 13:45:37",29,3,101,"s154",5
"711","2019-02-12 15:38:38",15,7,103,"s673",100
"712","2019-01-25 10:12:26",21,2,102,"s276",30
"713","2019-02-02 16:14:41",14,5,108,"s139",5
"714","2019-03-09 09:35:24",15,5,109,"s872",100
"715","2018-05-29 12:01:24",38,2,101,"s776",5
"716","2018-11-03 10:57:13",17,5,106,"s227",5
"717","2018-05-24 14:19:03",12,7,104,"s228",30
"718","2018-12-05 13:00:07",30,1,106,"s766",100
"719","2018-08-25 10:52:26",22,8,101,"s620",5
"720","2019-01-05 13:50:07",49,8,100,"s550",5
"721","2018-10-05 11:26:53",37,4,102,"s187",100
"722","2018-08-12 09:17:47",28,3,105,"s210",5
"723","2018-08-13 06:27:07",48,3,107,"s9",5
"724","2018-07-18 19:41:47",44,9,101,"s816",5
"725","2018-08-06 00:28:50",14,3,108,"s804",100
"726","2018-11-06 13:17:21",13,7,104,"s233",100
"727","2018-09-22 05:26:37",42,1,100,"s744",100
"728","2018-12-02 03:30:26",16,4,102,"s436",10
"729","2018-12-18 01:07:22",11,5,107,"s774",100
"730","2018-07-16 21:54:56",10,10,103,"s946",100
"731","2018-09-14 07:51:57",16,2,105,"s583",5
"732","2019-03-16 01:57:13",49,6,105,"s802",5
"733","2018-04-27 19:46:39",18,5,105,"s974",5
"734","2018-04-26 22:40:56",32,3,108,"s871",5
"735","2018-12-26 05:08:10",11,7,109,"s339",30
"736","2019-04-14 06:51:19",50,1,100,"s356",5
"737","2018-10-05 09:09:04",48,9,100,"s17",100
"738","2019-04-20 09:28:01",24,10,109,"s499",5
"739","2019-01-26 03:12:18",50,6,100,"s529",5
"740","2018-06-12 20:43:27",27,4,109,"s869",100
"741","2018-05-31 10:23:33",37,2,101,"s825",10
"742","2018-07-27 22:53:31",24,1,106,"s111",5
"743","2019-02-28 17:52:48",25,6,108,"s815",100
"744","2019-03-01 21:14:16",48,3,108,"s470",5
"745","2019-01-15 16:28:09",32,6,109,"s222",5
"746","2019-01-07 04:07:36",25,1,100,"s315",5
"747","2018-12-03 07:01:03",48,7,105,"s979",5
"748","2018-08-22 16:56:10",34,6,104,"s945",5
"749","2018-09-28 13:32:49",11,8,106,"s501",100
"750","2018-09-08 19:13:52",17,3,107,"s701",5
"751","2019-01-08 20:55:13",26,1,109,"s612",10
"752","2018-08-24 18:28:24",23,1,101,"s153",5
"753","2019-02-11 17:11:37",32,9,109,"s429",100
"754","2018-11-04 01:31:38",25,10,108,"s324",100
"755","2018-07-11 09:55:06",40,10,105,"s437",5
"756","2019-02-06 19:49:59",25,5,109,"s131",5
"757","2018-11-21 16:57:59",23,5,104,"s512",30
"758","2018-12-18 04:10:08",48,7,107,"s16",5
"759","2018-08-09 19:42:02",34,8,106,"s984",100
"760","2019-03-12 23:22:27",43,10,106,"s948",5
"761","2018-08-09 07:31:10",40,7,106,"s29",30
"762","2019-03-28 22:41:27",50,5,101,"s802",30
"763","2019-03-31 20:03:05",34,3,109,"s303",5
"764","2018-12-28 00:32:10",29,10,106,"s600",30
"765","2018-08-01 02:14:14",38,3,107,"s294",5
"766","2019-01-17 01:49:57",48,5,103,"s890",100
"767","2018-06-09 14:10:10",44,7,109,"s977",100
"768","2018-09-08 12:26:34",37,9,108,"s951",10
"769","2019-01-28 11:54:51",12,5,105,"s2",5
"770","2018-06-08 01:05:41",47,8,106,"s548",100
"771","2018-10-11 04:51:37",43,10,107,"s961",30
"772","2018-06-26 13:11:33",26,4,108,"s948",30
"773","2018-06-18 22:09:40",44,7,106,"s122",30
"774","2018-04-25 00:52:09",31,3,106,"s666",100
"775","2018-11-01 07:59:15",21,10,105,"s372",5
"776","2018-07-19 23:45:22",28,1,108,"s300",5
"777","2018-09-15 14:22:37",34,6,103,"s330",100
"778","2018-08-18 01:50:17",45,7,102,"s30",5
"779","2018-10-29 17:12:59",44,5,107,"s592",30
"780","2019-01-29 17:48:07",44,8,105,"s563",30
"781","2019-03-09 09:39:51",44,3,106,"s54",100
"782","2018-10-07 16:53:31",10,4,109,"s945",5
"783","2019-02-02 13:06:35",39,7,106,"s737",100
"784","2018-11-15 17:54:00",21,7,101,"s768",100
"785","2018-11-19 09:02:42",21,7,100,"s129",100
"786","2018-04-30 10:30:56",38,8,101,"s88",100
"787","2018-10-21 21:26:35",15,1,109,"s749",5
"788","2018-05-19 10:32:16",11,9,105,"s140",100
"789","2018-06-12 19:48:30",19,9,107,"s214",100
"790","2018-05-02 21:01:26",34,9,104,"s900",100
"791","2019-03-03 15:38:01",42,9,100,"s793",5
"792","2018-10-15 21:14:07",39,4,109,"s138",5
"793","2019-04-11 17:27:53",35,10,105,"s369",100
"794","2019-02-09 12:26:18",29,8,103,"s297",100
"795","2018-06-22 20:16:47",38,5,102,"s106",5
"796","2019-02-09 20:22:36",43,2,101,"s782",100
"797","2018-08-08 14:35:17",47,5,103,"s214",5
"798","2018-08-26 15:25:09",49,8,101,"s341",100
"799","2019-04-14 11:31:49",28,2,106,"s657",5
"800","2019-02-08 12:27:47",29,4,104,"s745",100
"801","2019-04-13 07:07:53",26,8,104,"s725",5
"802","2018-08-22 04:16:33",21,1,105,"s657",5
"803","2018-10-20 12:27:11",47,10,104,"s851",5
"804","2019-01-29 13:30:00",47,10,106,"s278",30
"805","2018-08-16 11:14:37",30,3,101,"s790",5
"806","2018-11-11 09:21:21",43,2,108,"s705",5
"807","2019-03-11 00:18:46",25,8,109,"s190",5
"808","2018-06-13 14:40:50",39,6,103,"s947",5
"809","2018-12-25 04:33:06",26,5,104,"s379",100
"810","2019-03-01 16:38:51",42,10,108,"s594",5
"811","2018-08-20 11:51:43",12,2,102,"s820",30
"812","2018-11-30 17:43:23",14,2,102,"s993",100
"813","2018-12-05 22:33:23",23,9,104,"s56",100
"814","2018-05-22 01:18:23",31,1,107,"s96",30
"815","2018-12-23 16:04:59",18,9,109,"s171",100
"816","2018-08-13 02:50:48",42,3,108,"s36",100
"817","2019-02-08 20:50:10",28,10,109,"s111",30
"818","2019-04-07 05:43:50",21,9,102,"s174",100
"819","2018-06-08 01:37:31",34,6,103,"s635",5
"820","2018-11-15 09:09:02",24,6,105,"s906",100
"821","2018-08-09 23:17:21",19,3,105,"s194",5
"822","2018-05-30 14:57:10",40,5,107,"s597",30
"823","2018-07-07 04:42:54",23,8,108,"s194",30
"824","2018-10-31 17:40:38",12,1,107,"s411",30
"825","2019-02-14 19:10:30",21,2,100,"s476",100
"826","2018-07-22 19:43:55",15,10,100,"s520",100
"827","2018-05-05 11:37:46",43,8,109,"s706",5
"828","2019-04-19 08:03:57",16,5,100,"s138",100
"829","2018-06-16 11:09:26",49,6,103,"s211",5
"830","2019-01-01 12:17:22",45,9,107,"s179",100
"831","2019-01-10 05:46:17",24,7,109,"s843",30
"832","2018-05-09 10:21:31",41,3,106,"s63",5
"833","2018-09-08 16:05:39",48,5,102,"s119",5
"834","2018-09-20 20:39:10",41,2,104,"s225",100
"835","2018-08-22 07:51:46",43,5,109,"s617",5
"836","2019-02-05 22:42:29",18,8,108,"s967",5
"837","2018-10-22 13:02:39",32,4,105,"s177",5
"838","2019-01-16 02:37:34",17,1,100,"s35",5
"839","2018-07-16 22:43:22",41,7,101,"s371",100
"840","2018-10-18 15:14:06",38,5,102,"s823",5
"841","2019-04-02 16:24:22",19,9,106,"s348",30
"842","2018-08-25 16:09:36",37,2,100,"s537",5
"843","2018-11-22 04:52:03",25,10,108,"s120",100
"844","2018-05-25 13:13:40",44,7,103,"s31",5
"845","2019-02-02 13:41:18",28,10,104,"s498",5
"846","2018-05-30 22:45:24",22,2,104,"s399",30
"847","2018-06-27 11:00:42",14,5,102,"s109",100
"848","2018-06-01 09:11:35",17,5,104,"s630",5
"849","2018-09-05 22:57:31",12,7,107,"s91",5
"850","2018-09-01 05:53:22",35,6,102,"s518",100
"851","2018-06-24 04:35:40",20,3,107,"s67",5
"852","2019-01-18 11:06:31",36,8,105,"s225",5
"853","2018-09-16 06:23:22",31,7,101,"s960",100
"854","2019-02-06 20:32:52",18,9,107,"s534",100
"855","2019-04-13 18:38:02",13,9,107,"s849",100
"856","2019-01-21 22:59:49",36,1,108,"s298",30
"857","2018-08-22 15:33:48",23,6,103,"s122",100
"858","2018-06-09 16:10:13",32,5,107,"s239",100
"859","2018-04-30 14:17:32",45,8,100,"s438",30
"860","2018-07-05 16:12:23",25,8,101,"s362",100
"861","2018-06-08 19:47:32",49,3,105,"s765",5
"862","2018-06-26 00:01:50",45,6,109,"s613",100
"863","2018-10-22 01:54:45",36,9,103,"s848",100
"864","2018-09-09 16:48:10",17,8,104,"s254",100
"865","2018-09-07 17:54:37",21,8,104,"s525",100
"866","2018-09-19 17:38:36",11,8,108,"s554",5
"867","2018-11-12 11:15:30",30,8,106,"s451",5
"868","2019-03-12 21:10:43",16,1,107,"s674",30
"869","2018-07-17 19:30:41",22,6,101,"s27",30
"870","2018-12-23 07:37:02",36,3,103,"s316",30
"871","2018-09-01 14:29:40",35,3,102,"s854",100
"872","2018-10-16 11:15:30",41,9,102,"s241",100
"873","2018-07-28 19:32:09",27,3,109,"s701",100
"874","2018-12-31 13:52:05",21,8,102,"s408",100
"875","2018-07-20 03:18:41",23,10,107,"s144",5
"876","2019-01-26 10:32:26",22,4,108,"s399",100
"877","2019-03-18 12:13:44",22,5,101,"s828",5
"878","2018-07-18 01:18:22",12,9,103,"s880",100
"879","2019-02-07 11:33:43",33,10,107,"s964",100
"880","2018-04-23 22:34:11",28,3,105,"s994",100
"881","2018-09-06 23:47:05",37,10,104,"s726",5
"882","2018-12-21 17:57:36",45,5,107,"s291",5
"883","2018-09-05 01:50:24",44,6,105,"s79",5
"884","2018-09-25 13:51:27",33,7,101,"s745",5
"885","2018-10-22 07:32:16",33,8,103,"s75",100
"886","2018-10-17 10:34:11",36,8,100,"s485",100
"887","2018-11-18 09:51:28",40,1,103,"s841",5
"888","2018-08-04 16:49:18",49,1,102,"s261",100
"889","2018-08-02 17:15:15",12,8,100,"s890",100
"890","2018-06-03 11:59:12",46,3,104,"s217",100
"891","2018-05-13 09:25:35",35,1,101,"s645",30
"892","2018-05-10 20:03:35",32,1,109,"s326",5
"893","2019-01-25 07:22:57",25,10,104,"s767",5
"894","2018-05-03 14:36:24",16,1,108,"s575",100
"895","2019-01-15 23:38:32",11,2,100,"s843",10
"896","2018-10-29 00:57:02",36,8,103,"s945",100
"897","2018-10-23 17:28:24",13,1,103,"s485",5
"898","2019-04-07 21:18:48",38,5,105,"s660",5
"899","2018-06-29 11:50:44",28,1,100,"s175",100
"900","2019-01-12 22:56:37",10,9,109,"s923",100
"901","2018-06-20 14:48:11",48,7,105,"s353",5
"902","2018-12-13 18:44:01",37,2,108,"s380",100
"903","2018-07-27 15:41:49",50,9,103,"s401",5
"904","2018-10-15 08:53:59",17,4,108,"s433",100
"905","2018-09-15 17:02:28",27,4,100,"s29",100
"906","2018-10-23 08:44:28",31,3,100,"s750",5
"907","2018-10-13 20:07:04",21,9,106,"s17",5
"908","2018-12-01 14:00:32",45,10,105,"s935",100
"909","2019-03-03 14:45:18",40,4,104,"s43",5
"910","2018-09-19 06:59:09",11,2,105,"s838",100
"911","2018-05-10 12:02:34",31,7,100,"s98",100
"912","2018-08-04 09:07:14",30,9,106,"s670",5
"913","2018-07-09 04:05:11",16,7,103,"s460",100
"914","2018-07-17 06:56:04",22,6,103,"s245",100
"915","2018-08-12 12:09:19",35,3,105,"s808",10
"916","2018-10-09 16:28:17",15,4,101,"s989",100
"917","2018-10-21 18:52:01",44,9,104,"s412",5
"918","2019-02-18 15:10:46",40,3,102,"s954",5
"919","2018-10-04 23:42:13",38,7,106,"s425",5
"920","2019-04-02 18:40:50",27,2,105,"s783",100
"921","2018-06-02 08:07:37",42,4,109,"s645",5
"922","2018-09-11 23:15:51",34,5,101,"s372",5
"923","2019-01-02 17:30:15",28,10,101,"s841",30
"924","2018-06-11 19:46:34",24,8,100,"s191",100
"925","2018-05-31 03:58:03",50,10,103,"s786",100
"926","2018-04-28 18:54:14",20,8,102,"s850",100
"927","2019-02-06 02:41:43",27,9,101,"s493",5
"928","2019-01-22 08:42:11",16,3,109,"s962",5
"929","2018-10-26 12:02:49",36,2,100,"s892",100
"930","2018-04-23 19:12:21",46,9,104,"s382",5
"931","2018-08-19 07:09:01",16,7,103,"s930",5
"932","2018-10-14 22:57:44",50,1,108,"s464",5
"933","2018-08-01 00:25:18",38,4,100,"s600",5
"934","2018-08-09 05:26:39",39,1,107,"s276",5
"935","2018-11-19 15:25:17",21,8,105,"s610",5
"936","2018-08-16 07:36:17",16,6,100,"s254",100
"937","2019-02-25 21:06:49",21,9,102,"s410",5
"938","2019-02-20 05:52:18",50,9,105,"s607",100
"939","2018-04-29 14:43:37",26,9,103,"s275",10
"940","2018-11-08 14:56:13",17,8,101,"s20",100
"941","2018-10-14 13:55:35",11,2,106,"s87",100
"942","2019-01-11 18:44:48",39,10,108,"s64",5
"943","2018-06-05 14:02:58",12,4,103,"s837",5
"944","2018-10-15 13:25:27",27,6,109,"s127",100
"945","2019-02-08 18:00:58",13,1,104,"s977",100
"946","2018-08-06 11:12:52",33,10,105,"s446",5
"947","2018-12-22 13:50:45",46,8,100,"s785",5
"948","2018-06-27 21:35:05",21,1,103,"s46",5
"949","2018-09-03 13:48:12",27,10,104,"s971",5
"950","2018-11-18 04:52:01",38,4,106,"s703",10
"951","2018-08-02 11:46:27",46,1,102,"s863",5
"952","2018-11-29 17:21:24",40,1,101,"s1",100
"953","2019-01-03 14:19:41",19,9,100,"s966",100
"954","2018-07-06 20:04:02",11,1,102,"s146",5
"955","2018-06-22 21:21:44",41,8,106,"s782",30
"956","2019-04-19 00:27:39",18,4,105,"s685",30
"957","2018-12-11 00:59:50",26,7,107,"s964",30
"958","2018-07-13 09:40:25",21,2,103,"s747",5
"959","2018-10-17 19:26:33",29,4,100,"s430",5
"960","2018-05-05 07:38:45",13,3,100,"s642",5
"961","2018-12-13 13:13:42",24,3,104,"s221",100
"962","2019-03-30 13:30:53",48,8,102,"s957",5
"963","2019-03-26 01:14:41",10,9,101,"s829",5
"964","2019-02-14 16:10:14",34,5,104,"s438",30
"965","2018-11-23 01:51:55",41,8,109,"s410",100
"966","2018-10-25 05:52:46",19,9,101,"s951",100
"967","2018-08-05 22:10:35",15,8,107,"s681",30
"968","2019-02-23 20:34:06",48,3,102,"s133",5
"969","2019-01-11 02:15:25",46,7,100,"s122",100
"970","2018-05-15 01:59:17",26,7,102,"s877",100
"971","2019-02-06 20:29:04",50,4,109,"s8",100
"972","2018-08-16 01:31:47",20,9,104,"s50",100
"973","2018-07-27 12:22:27",47,7,104,"s330",30
"974","2018-05-05 04:44:31",37,8,101,"s484",10
"975","2019-03-02 19:03:44",15,1,102,"s953",5
"976","2018-08-26 22:26:31",24,2,106,"s415",5
"977","2018-05-05 16:13:30",41,7,101,"s791",5
"978","2018-10-30 10:59:11",28,2,102,"s235",100
"979","2018-05-18 02:52:30",50,7,106,"s455",5
"980","2019-03-06 08:37:53",18,1,104,"s776",5
"981","2018-09-20 09:15:42",37,2,105,"s519",30
"982","2018-12-28 08:27:10",43,3,108,"s833",5
"983","2019-02-03 08:47:11",17,5,109,"s546",100
"984","2018-05-09 21:37:57",39,4,104,"s906",100
"985","2018-08-10 18:49:14",39,8,102,"s423",100
"986","2018-09-17 23:23:30",46,1,103,"s942",30
"987","2018-08-08 18:42:15",50,3,105,"s124",100
"988","2018-11-29 18:29:22",38,3,107,"s227",30
"989","2018-08-02 07:19:25",43,10,102,"s950",100
"990","2019-03-27 00:50:37",25,2,108,"s46",100
"991","2018-07-10 19:21:19",15,8,101,"s116",100
"992","2018-06-23 07:41:02",16,5,107,"s492",5
"993","2018-09-25 15:21:45",28,8,109,"s388",5
"994","2018-12-13 19:48:14",37,6,102,"s964",5
"995","2018-10-15 14:03:51",16,9,104,"s562",30
"996","2019-01-14 14:31:40",11,7,108,"s407",5
"997","2019-03-24 02:11:38",47,1,106,"s656",5
"998","2018-08-25 02:32:43",17,10,107,"s696",5
"999","2018-11-06 04:23:28",47,7,104,"s794",30
"1000","2019-01-20 13:06:18",16,5,102,"s46",10
